{
    "word": "Foremost among those who were rapidly leading the nation to ruin was Zedekiah their king. Forsaking utterly the counsels of the Lord as given through the prophets, forgetting the debt of gratitude he owed Nebuchadnezzar, violating his solemn oath of allegiance taken in the name of the Lord God of Israel, Judah's king rebelled against the prophets, against his benefactor, and against his God. In the vanity of his own wisdom he turned for help to the ancient enemy of Israel's prosperity, \"sending his ambassadors into Egypt, that they might give him horses and much people.\"",
    "paragraph": 4,
    "bookcode": "PK",
    "page": 450,
    "chapter": "The Last King of Judah",
    "chapterN": "36",
    "author": "Ellen G. White",
    "booktitle": "Prophets and Kings",
    "date_published": "1917",
    "copyright_info": "Public Domain"
}