{
    "word": "The honors bestowed upon Daniel excited the jealousy of the leading men of the kingdom, and they sought for occasion of complaint against him. But they could find none, \"forasmuch as he was faithful, neither was there any error or fault found in him.\"",
    "paragraph": 2,
    "bookcode": "PK",
    "page": 539,
    "chapter": "In the Lions' Den",
    "chapterN": "44",
    "author": "Ellen G. White",
    "booktitle": "Prophets and Kings",
    "date_published": "1917",
    "copyright_info": "Public Domain"
}