{
    "word": "For months before this decree was made, the Israelites had kept on working by faith, the prophets of God still helping them by means of timely messages, through which the divine purpose for Israel was kept before the workers. Two months after Haggai's last recorded message was delivered, Zechariah had a series of visions regarding the work of God in the earth. These messages, given in the form of parables and symbols, came at a time of great uncertainty and anxiety, and were of peculiar significance to the men who were advancing in the name of the God of Israel. It seemed to the leaders as if the permission granted the Jews to rebuild was about to be withdrawn; the future appeared very dark. God saw that His people were in need of being sustained and cheered by a revelation of His infinite compassion and love.",
    "paragraph": 4,
    "bookcode": "PK",
    "page": 579,
    "chapter": "\"The Prophets of God Helping Them\"",
    "chapterN": "46",
    "author": "Ellen G. White",
    "booktitle": "Prophets and Kings",
    "date_published": "1917",
    "copyright_info": "Public Domain"
}