{
    "word": "Thus even to the last hour, God made plain His willingness to show mercy to those who would choose to submit to His just requirements. Had the king chosen to obey, the lives of the people might have been spared, and the city saved from conflagration; but he thought he had gone too far to retrace his steps. He was afraid of the Jews, afraid of ridicule, afraid for his life. After years of rebellion against God, Zedekiah thought it too humiliating to say to his people, I accept the word of the Lord, as spoken through the prophet Jeremiah; I dare not venture to war against the enemy in the face of all these warnings.",
    "paragraph": 2,
    "bookcode": "PK",
    "page": 457,
    "chapter": "Carried Captive Into Babylon",
    "chapterN": "37",
    "author": "Ellen G. White",
    "booktitle": "Prophets and Kings",
    "date_published": "1917",
    "copyright_info": "Public Domain"
}