{
    "word": "The promise, \"The hands of Zerubbabel have laid the foundation of this house; his hands shall also finish it,\" was literally fulfilled. Verse 9. \"The elders of the Jews builded, and they prospered through the prophesying of Haggai the prophet and Zechariah the son of Iddo. And they builded, and finished it, according to the commandment of the God of Israel, and according to the commandment of Cyrus, and Darius, and Artaxerxes king of Persia. And  this house was finished on the third day of the month Adar [the twelfth month], which was in the sixth year of the reign of Darius the king.\" Ezra 6:14, 15.",
    "paragraph": 1,
    "bookcode": "PK",
    "page": 596,
    "chapter": "\"Not by Might, nor by Power\"",
    "chapterN": "48",
    "author": "Ellen G. White",
    "booktitle": "Prophets and Kings",
    "date_published": "1917",
    "copyright_info": "Public Domain"
}