{
    "word": "In the life of the true Christian there are no nonessentials; in the sight of Omnipotence every duty is important. The Lord measures with exactness every possibility for service. The unused capabilities are just as much brought into account as those that are used. We shall be judged by what we ought to have done, but did not accomplish because we did not use our powers to glorify God.",
    "paragraph": 1,
    "bookcode": "PK",
    "page": 488,
    "chapter": "In the Court of Babylon",
    "chapterN": "39",
    "author": "Ellen G. White",
    "booktitle": "Prophets and Kings",
    "date_published": "1917",
    "copyright_info": "Public Domain"
}