{
    "word": "To Israel encamped before Mount Sinai the Lord had declared: \"I will dwell among the children of Israel, and will be their God. And they shall know that I am the Lord their God, that brought them forth out of the land of Egypt, that I may dwell among them: I am the Lord their God.\" Exodus 29:45, 46. And now, notwithstanding the fact that they had repeatedly \"rebelled, and vexed His Holy Spirit\" (Isaiah 63:10), God once more, through the messages of His prophet, was stretching out His hand to save. As a recognition of their co-operation with His purpose, He was renewing His covenant that His Spirit should remain among them; and He bade them, \"Fear not.\"",
    "paragraph": 5,
    "bookcode": "PK",
    "page": 575,
    "chapter": "\"The Prophets of God Helping Them\"",
    "chapterN": "46",
    "author": "Ellen G. White",
    "booktitle": "Prophets and Kings",
    "date_published": "1917",
    "copyright_info": "Public Domain"
}