{
    "word": "Conditions were now changed. In tender mercy the Lord had again visited His people and allowed them to return to their own land. Sadness because of the mistakes of the past should have given way to feelings of great joy. God had moved upon the heart of Cyrus to aid them in rebuilding the temple, and this should have called forth expressions of profound gratitude. But some failed of discerning God's opening providences. Instead of rejoicing, they cherished thoughts of discontent and discouragement. They had seen the glory of Solomon's temple, and they lamented because of the inferiority of the building now to be erected.",
    "paragraph": 2,
    "bookcode": "PK",
    "page": 564,
    "chapter": "The Return of the Exiles",
    "chapterN": "45",
    "author": "Ellen G. White",
    "booktitle": "Prophets and Kings",
    "date_published": "1917",
    "copyright_info": "Public Domain"
}