{
    "word": "While Satan has been urging his accusations, holy angels, unseen, have been passing to and fro, placing upon the faithful ones the seal of the living God. These are they that stand upon Mount Zion with the Lamb, having the Father's name written in their foreheads. They sing the new song before the throne, that song which no man can learn save the hundred and forty and four thousand which were redeemed from the earth. \"These are they which follow the Lamb whithersoever He goeth. These were redeemed from among men, being the first fruits unto God and to the Lamb. And in their mouth was found no guile: for they are without fault before the throne of God.\" Revelation 14:4, 5.",
    "paragraph": 2,
    "bookcode": "PK",
    "page": 591,
    "chapter": "Joshua and the Angel",
    "chapterN": "47",
    "author": "Ellen G. White",
    "booktitle": "Prophets and Kings",
    "date_published": "1917",
    "copyright_info": "Public Domain"
}