{
    "word": "The king of Moab, disheartened and distressed, exclaimed, \"Neither curse them at all, nor bless them at all.\" Yet a faint hope still lingered in his heart, and he determined to make another trial. He now conducted Balaam to Mount Peor, where was a temple devoted to the licentious worship of Baal, their god. Here the same number of altars were erected as before, and the same number of sacrifices were offered; but Balaam went not alone, as at other times, to learn God's will. He made no pretense of sorcery, but standing beside the altars, he looked abroad upon the tents of Israel. Again the Spirit of God rested upon him, and the divine message came from his lips: \n\n\"How goodly are thy tents, O Jacob, \n And thy tabernacles, O Israel! \n As the valleys are they spread forth, as gardens by the river's side, \n As the trees of lignaloes which the Lord hath planted, and as cedar \n     trees beside the waters. \n He shall pour the water out of his buckets, and his seed shall be in \n     many waters, \n And his King shall be higher than Agag, and his kingdom shall be \n     exalted. . . . \n He couched, he lay down as a lion, and as a great lion: who shall \n     stir him up? \n Blessed is he that blesseth thee, and cursed is he that curseth thee.\"",
    "paragraph": 2,
    "bookcode": "PP",
    "page": 449,
    "chapter": "Balaam",
    "chapterN": "40",
    "author": "Ellen G. White",
    "booktitle": "Patriarchs and Prophets",
    "date_published": "1890",
    "copyright_info": "Public Domain"
}