{
    "word": "The flowing of the water from the rock in the desert was celebrated by the Israelites, after their establishment in Canaan, with demonstrations of great rejoicing. In the time of Christ this celebration had become a most impressive ceremony. It took place on the occasion of the Feast of Tabernacles, when the people from all the land were assembled at Jerusalem. On each of the seven days of the feast the priests went out with music and the choir of Levites to draw water in a golden vessel from the spring of Siloam. They were followed by multitudes of the worshipers, as many as could get near the stream drinking of it, while the jubilant strains arose, \"With joy shall ye draw water out of the wells of salvation.\" Isaiah 12:3. Then the water drawn by the priests was borne to the temple amid the sounding of trumpets and the solemn chant, \"Our feet shall stand within thy gates, O Jerusalem.\" Psalm 122:2. The water was poured out upon the altar of burnt offering, while songs of praise rang out, the multitudes joining in triumphant chorus with musical instruments and deep-toned trumpets.",
    "paragraph": 1,
    "bookcode": "PP",
    "page": 412,
    "chapter": "The Smitten Rock",
    "chapterN": "37",
    "author": "Ellen G. White",
    "booktitle": "Patriarchs and Prophets",
    "date_published": "1890",
    "copyright_info": "Public Domain"
}