{
    "word": "By the Spirit of Inspiration, looking far down the ages, Moses pictured the terrible scenes of Israel's final overthrow as a nation, and the destruction of Jerusalem by the armies of Rome: \"The Lord shall bring a nation against thee from far, from the end of the earth, as swift as the eagle flieth; a nation whose tongue thou shalt not understand; a nation of fierce countenance, which shall not regard the person of the old, nor show favor to the young.\"",
    "paragraph": 1,
    "bookcode": "PP",
    "page": 467,
    "chapter": "The Law Repeated",
    "chapterN": "42",
    "author": "Ellen G. White",
    "booktitle": "Patriarchs and Prophets",
    "date_published": "1890",
    "copyright_info": "Public Domain"
}