{
    "word": "The Hebrew camp was arranged in exact order. It was separated into three great divisions, each having its appointed position in the encampment. In the center was the tabernacle, the abiding place of the invisible King. Around it were stationed the priests and Levites. Beyond these were encamped all the other tribes.",
    "paragraph": 3,
    "bookcode": "PP",
    "page": 374,
    "chapter": "From Sinai to Kadesh",
    "chapterN": "33",
    "author": "Ellen G. White",
    "booktitle": "Patriarchs and Prophets",
    "date_published": "1890",
    "copyright_info": "Public Domain"
}