{
    "word": "Yielding to the spirit of dissatisfaction, Miriam found cause of complaint in events that God had especially overruled. The marriage of Moses had been displeasing to her. That he should choose a woman of another nation, instead of taking a wife from among the Hebrews, was an offense to her family and national pride. Zipporah was treated with ill-disguised contempt.",
    "paragraph": 2,
    "bookcode": "PP",
    "page": 383,
    "chapter": "From Sinai to Kadesh",
    "chapterN": "33",
    "author": "Ellen G. White",
    "booktitle": "Patriarchs and Prophets",
    "date_published": "1890",
    "copyright_info": "Public Domain"
}