{
    "word": "During the entire forty years in the wilderness, the people were every week reminded of the sacred obligation of the Sabbath, by the miracle of the manna. Yet even this did not lead them to obedience. Though they did not venture upon so open and bold transgression as had received such signal punishment, yet there was great laxness in the observance of the fourth commandment. God declares through His prophet, \"My Sabbaths they greatly polluted.\" Ezekiel 20:13-24. And this is enumerated among the reasons for the exclusion of the first generation from the Promised Land. Yet their children did not learn the lesson. Such was their neglect of the Sabbath during the forty years' wandering, that though God did not prevent them from entering Canaan, He declared that they should be scattered among the heathen after the settlement in the Land of Promise.",
    "paragraph": 3,
    "bookcode": "PP",
    "page": 409,
    "chapter": "In the Wilderness",
    "chapterN": "36",
    "author": "Ellen G. White",
    "booktitle": "Patriarchs and Prophets",
    "date_published": "1890",
    "copyright_info": "Public Domain"
}