{
    "word": "He who reads the secrets of all hearts had marked the purposes of Korah and his companions and had given His people such warning and instruction as might have enabled them to escape the deception of these designing men. They had seen the judgment of God fall upon Miriam because of her jealousy and complaints against Moses. The Lord had declared that Moses was greater than a prophet. \"With him will I speak mouth to mouth.\" \"Wherefore, then,\" He added, \"were ye not afraid to speak against My servant Moses?\" Numbers 12:8. These instructions were not intended for Aaron and Miriam alone, but for all Israel.",
    "paragraph": 3,
    "bookcode": "PP",
    "page": 396,
    "chapter": "The Rebellion of Korah",
    "chapterN": "35",
    "author": "Ellen G. White",
    "booktitle": "Patriarchs and Prophets",
    "date_published": "1890",
    "copyright_info": "Public Domain"
}