{
    "word": "The next work of the conspirators was with the people. To those who are in the wrong, and deserving of reproof, there is nothing more pleasing than to receive sympathy and praise. And thus Korah and his associates gained the attention and enlisted the support of the congregation. The charge that the murmurings of the people had brought upon them the wrath of God was declared to be a mistake. They said that the congregation were not at fault, since they desired nothing more than their rights; but that Moses was an overbearing ruler; that he had reproved the people as sinners, when they were a holy people, and the Lord was among them.",
    "paragraph": 3,
    "bookcode": "PP",
    "page": 397,
    "chapter": "The Rebellion of Korah",
    "chapterN": "35",
    "author": "Ellen G. White",
    "booktitle": "Patriarchs and Prophets",
    "date_published": "1890",
    "copyright_info": "Public Domain"
}