{
    "word": "The answer from Jehovah was, \"Get thee up; wherefore liest thou thus upon thy face? Israel hath . . . transgressed My covenant which I commanded them.\" It was a time for prompt and decided action, and not for despair and lamentation. There was secret sin in the camp, and it must be searched out and put away before the presence and blessing of the Lord could be with His people. \"Neither will I be with you any more, except ye destroy the accursed from among you.\"",
    "paragraph": 2,
    "bookcode": "PP",
    "page": 494,
    "chapter": "The Fall of Jericho",
    "chapterN": "45",
    "author": "Ellen G. White",
    "booktitle": "Patriarchs and Prophets",
    "date_published": "1890",
    "copyright_info": "Public Domain"
}