{
    "word": "When we seem to doubt God's love and distrust His promises we dishonor Him and grieve His Holy Spirit. How would a mother feel if her children were constantly complaining of her, just as though she did not mean them well, when her whole life's effort had been to forward their interests and to give them comfort? Suppose they should doubt her love; it would break her heart. How would any parent feel to be thus treated by his children? And how can our heavenly Father regard us when we distrust His love, which has led Him to give His only-begotten Son that we might have life? The apostle writes, \"He that spared not His own Son, but delivered Him up for us all, how shall He not with Him also freely give us all things?\" Romans 8:32. And yet how many, by their actions, if not in word, are saying, \"The Lord does not mean this for me. Perhaps He loves others, but He does not love me.\"",
    "paragraph": 2,
    "bookcode": "SC",
    "page": 118,
    "chapter": "Rejoicing in the Lord",
    "chapterN": "13",
    "author": "Ellen G. White",
    "booktitle": "Steps to Christ",
    "date_published": "1892",
    "copyright_info": "Public Domain"
}