{
    "word": "There are two errors against which the children of God--particularly those who have just come to trust in His grace--especially need to guard. The first, already dwelt upon, is that of looking to their own works, trusting to anything they can do, to bring themselves into harmony with God. He who is trying to become holy by his own works in keeping the law, is attempting an impossibility. All that man can do without Christ is polluted with selfishness and sin. It is the grace of Christ alone, through faith, that can make us holy.",
    "paragraph": 4,
    "bookcode": "SC",
    "page": 59,
    "chapter": "The Test of Discipleship",
    "chapterN": "7",
    "author": "Ellen G. White",
    "booktitle": "Steps to Christ",
    "date_published": "1892",
    "copyright_info": "Public Domain"
}