{
    "word": "The Saviour's life on earth was not a life of ease and devotion to Himself, but He toiled with persistent, earnest, untiring effort for the salvation of lost mankind. From the manger to Calvary He followed the path of self-denial and sought not to be released from arduous tasks, painful travels and exhausting care and labor. He said, \"The Son of man came not to be ministered unto, but to minister, and to give His life a ransom for many.\" Matthew 20:28. This was the one great object of His life. Everything else was secondary and subservient. It was His meat and drink to do the will of God and to finish His work. Self and self-interest had no part in His labor.",
    "paragraph": 1,
    "bookcode": "SC",
    "page": 78,
    "chapter": "The Work and the Life",
    "chapterN": "9",
    "author": "Ellen G. White",
    "booktitle": "Steps to Christ",
    "date_published": "1892",
    "copyright_info": "Public Domain"
}