{
    "word": "The people of Israel were at this time loyal to God; and so long as they continued in obedience to His law, no power in earth or hell could prevail against them. But the curse which Balaam had not been permitted to pronounce against God's people, he finally succeeded in bringing upon them by seducing them into sin. When they transgressed God's commandments, then they separated themselves from Him, and they were left to feel the power of the destroyer.",
    "paragraph": 3,
    "bookcode": "GC",
    "page": 529,
    "chapter": "Snares of Satan",
    "chapterN": 32,
    "author": "Ellen G. White",
    "booktitle": "The Great Controversy",
    "date_published": "1911",
    "copyright_info": "Public Domain"
}