{
    "word": "The position that it is of no consequence what men believe is one of Satan's most successful deceptions. He knows that the truth, received in the love of it, sanctifies the soul of the receiver; therefore he is constantly seeking to substitute false theories, fables, another gospel. From the beginning the servants of God have contended against false teachers, not merely as vicious men, but as inculcators of falsehoods that were fatal to the soul. Elijah, Jeremiah, Paul, firmly and fearlessly opposed those who were turning men from the word of God. That liberality which regards a correct religious faith as unimportant found no favor with these holy defenders of the truth.",
    "paragraph": 2,
    "bookcode": "GC",
    "page": 520,
    "chapter": "Snares of Satan",
    "chapterN": 32,
    "author": "Ellen G. White",
    "booktitle": "The Great Controversy",
    "date_published": "1911",
    "copyright_info": "Public Domain"
}