{
    "word": "Even when it was decided that he could no longer remain in heaven, Infinite Wisdom did not destroy Satan. Since the service of love can alone be acceptable to God, the allegiance of His creatures must rest upon a conviction of His justice and benevolence. The inhabitants of heaven and of other worlds, being unprepared to comprehend the nature or consequences of sin, could not then have seen the justice and mercy of God in the destruction of Satan. Had he been immediately blotted from existence, they would have served God from fear rather than from love. The influence of the deceiver would not have been fully destroyed, nor would the spirit of rebellion have been utterly eradicated. Evil must be permitted to come to maturity. For the good of the entire universe through ceaseless ages Satan must more fully develop his principles, that his charges against the divine government might be seen in their true light by all created beings, that the justice and mercy of God and the immutability of His law might forever be placed beyond all question.",
    "paragraph": 3,
    "bookcode": "GC",
    "page": 498,
    "chapter": "The Origin of Evil",
    "chapterN": 29,
    "author": "Ellen G. White",
    "booktitle": "The Great Controversy",
    "date_published": "1911",
    "copyright_info": "Public Domain"
}