{
    "word": "But Rome had fixed her eyes on Britain, and resolved to bring it under her supremacy. In the sixth century her missionaries undertook the conversion of the heathen Saxons. They were received with favor by the proud barbarians, and they induced many thousands to profess the Romish faith. As the work progressed, the papal leaders and their converts encountered the primitive Christians. A striking contrast was presented. The latter were simple, humble, and Scriptural in character, doctrine, and manners, while the former manifested the superstition, pomp, and arrogance of popery. The emissary of Rome demanded that these Christian churches acknowledge the supremacy of the sovereign pontiff. The Britons meekly replied that they desired to love all men, but that the pope was not entitled to supremacy in the church, and they could render to him only that submission which was due to every follower of Christ. Repeated attempts were made to secure their allegiance to Rome; but these humble Christians, amazed at the pride displayed by her emissaries, steadfastly replied that they knew no other master than Christ. Now the true spirit of the papacy was revealed. Said the Romish leader: \"If you will not receive brethren who bring you peace, you shall receive enemies who will bring you war. If you will not unite with us in showing the Saxons the way of life, you shall receive from them the stroke of death.\"--J. H. Merle D'Aubigne, History of the Reformation of the Sixteenth Century, b. 17, ch. 2. These were no idle threats. War, intrigue, and deception were employed against these witnesses for a Bible faith, until the churches of Britain were destroyed, or forced to submit to the authority of the pope.",
    "paragraph": 4,
    "bookcode": "GC",
    "page": 62,
    "chapter": "The Waldenses",
    "chapterN": 4,
    "author": "Ellen G. White",
    "booktitle": "The Great Controversy",
    "date_published": "1911",
    "copyright_info": "Public Domain"
}