{
    "word": "It is a fact generally admitted by Protestants that the Scriptures give no authority for the change of the Sabbath. This is plainly stated in publications issued by the American Tract Society and the American Sunday School Union. One of these works acknowledges \"the complete silence of the New Testament so far as any explicit command for the Sabbath [Sunday, the first day of the week] or definite rules for its observance are concerned.\"--George Elliott, The Abiding Sabbath, page 184.",
    "paragraph": 2,
    "bookcode": "GC",
    "page": 447,
    "chapter": "God's Law Immutable",
    "chapterN": 25,
    "author": "Ellen G. White",
    "booktitle": "The Great Controversy",
    "date_published": "1911",
    "copyright_info": "Public Domain"
}