{
    "word": "It is the privilege of every Christian not only to look for but to hasten the coming of our Lord Jesus Christ, (2 Peter 3:12, margin). Were all who profess His name bearing fruit to His glory, how quickly the whole world would be sown with the seed of the gospel. Quickly the last great harvest would be ripened, and Christ would come to gather the precious grain.",
    "paragraph": 2,
    "bookcode": "COL",
    "page": 69,
    "chapter": "\"First the Blade, Then the Ear\"",
    "chapterN": "3",
    "author": "Ellen G. White",
    "booktitle": "Christ's Object Lessons",
    "date_published": "1900",
    "copyright_info": "Public Domain"
}