{
    "word": "They knew not that the explanation lay in the very words they had uttered as a scornful charge, \"This man receiveth sinners.\" The souls who came to Jesus felt in His presence that even for them there was escape from the pit of sin. The Pharisees had only scorn and condemnation for them; but Christ greeted them as children of God, estranged indeed from the Father's house, but not forgotten by the Father's heart. And their very misery and sin made them only the more the objects of His compassion. The farther they had wandered from Him, the more earnest the longing and the greater the sacrifice for their rescue.",
    "paragraph": 2,
    "bookcode": "COL",
    "page": 186,
    "chapter": "\"This Man Receiveth Sinners\"",
    "chapterN": "15",
    "author": "Ellen G. White",
    "booktitle": "Christ's Object Lessons",
    "date_published": "1900",
    "copyright_info": "Public Domain"
}