{
    "word": "The value of a soul, who can estimate? Would you know its worth, go to Gethsemane, and there watch with Christ through those hours of anguish, when He sweat as it were great drops of blood. Look upon the Saviour uplifted on the cross. Hear that despairing cry, \"My God, My God, why hast Thou forsaken Me?\" Mark 15:34. Look upon the wounded head, the pierced side, the marred feet. Remember that Christ risked all. For our redemption, heaven itself was imperiled. At the foot of the cross, remembering that for one sinner Christ would have laid down His life, you may estimate the value of a soul.",
    "paragraph": 4,
    "bookcode": "COL",
    "page": 196,
    "chapter": "\"This Man Receiveth Sinners\"",
    "chapterN": "15",
    "author": "Ellen G. White",
    "booktitle": "Christ's Object Lessons",
    "date_published": "1900",
    "copyright_info": "Public Domain"
}