{
    "word": "The little ones should be educated in childlike simplicity. They should be trained to be content with the small, helpful duties and the pleasures and experiences natural to their years. Childhood answers to the blade in the parable, and the blade has a beauty peculiarly its own. The children should not be forced into a precocious maturity but should retain as long as possible the freshness and grace of their early years.",
    "paragraph": 3,
    "bookcode": "COL",
    "page": 83,
    "chapter": "Other Lessons from Seed-Sowing",
    "chapterN": "6",
    "author": "Ellen G. White",
    "booktitle": "Christ's Object Lessons",
    "date_published": "1900",
    "copyright_info": "Public Domain"
}