{
    "word": "\"Except a man be born again, he cannot see the kingdom of God.\" John 3:3. He may conjecture and imagine, but without the eye of faith he cannot see the treasure. Christ gave His life to secure for us this inestimable treasure; but without regeneration through faith in His blood, there is no remission of sins, no treasure for any perishing soul.",
    "paragraph": 5,
    "bookcode": "COL",
    "page": 112,
    "chapter": "Hidden Treasure",
    "chapterN": "8",
    "author": "Ellen G. White",
    "booktitle": "Christ's Object Lessons",
    "date_published": "1900",
    "copyright_info": "Public Domain"
}