{
    "word": "\"For the Lord's portion is His people; Jacob is the lot of His inheritance. He found him in a desert land, and in the waste howling wilderness; He led him about, He instructed him, He kept him as the apple of His eye.\" Deuteronomy 32:9, 10. \"For thus saith the Lord of hosts: After the glory hath He sent me unto the nations which spoiled you; for he that toucheth you toucheth the apple of His eye.\" Zechariah 2:8.",
    "paragraph": 1,
    "bookcode": "COL",
    "page": 166,
    "chapter": "\"Shall Not God Avenge His Own?\"",
    "chapterN": "14",
    "author": "Ellen G. White",
    "booktitle": "Christ's Object Lessons",
    "date_published": "1900",
    "copyright_info": "Public Domain"
}