{
    "word": "How Hidden \n\n     The treasures of the gospel are said to be hidden. By those who are wise in their own estimation, who are puffed up by the teaching of vain philosophy, the beauty and power and mystery of the plan of redemption are not perceived. Many have eyes, but they see not; they have ears, but they hear not; they have intellect, but they discern not the hidden treasure.",
    "paragraph": 3,
    "bookcode": "COL",
    "page": 104,
    "chapter": "Hidden Treasure",
    "chapterN": "8",
    "author": "Ellen G. White",
    "booktitle": "Christ's Object Lessons",
    "date_published": "1900",
    "copyright_info": "Public Domain"
}