{
    "word": "This experience gives every teacher of truth the very qualifications that will make him a representative of Christ. The spirit of Christ's teaching will give a force and directness to his communications and to his prayers. His witness to Christ will not be a narrow, lifeless testimony. The minister will not preach over and over the same set discourses. His mind will be open to the constant illumination of the Holy Spirit.",
    "paragraph": 2,
    "bookcode": "COL",
    "page": 130,
    "chapter": "Things New and Old",
    "chapterN": "11",
    "author": "Ellen G. White",
    "booktitle": "Christ's Object Lessons",
    "date_published": "1900",
    "copyright_info": "Public Domain"
}