{
    "word": "The mastermind in the confederacy of evil is ever working to keep out of sight the words of God, and to bring into view the opinions of men. He means that we shall not hear the voice of God, saying, \"This is the way, walk ye in it.\" Isaiah 30:21. Through perverted educational processes he is doing his utmost to obscure heaven's light.",
    "paragraph": 1,
    "bookcode": "MH",
    "page": 439,
    "author": "Ellen G. White",
    "booktitle": "Ministry of Healing",
    "date_published": "1905",
    "copyright_info": "Public Domain",
    "chapter": "The False and the True in Education",
    "chapterN": "37"
}