{
    "word": "The Knowledge That Works Transformation \n\n     The knowledge of God as revealed in Christ is the knowledge that all who are saved must have. It is the knowledge that works transformation of character. This knowledge, received, will re-create the soul in the image of God. It will impart to the whole being a spiritual power that is divine.",
    "paragraph": 2,
    "bookcode": "MH",
    "page": 425,
    "author": "Ellen G. White",
    "booktitle": "Ministry of Healing",
    "date_published": "1905",
    "copyright_info": "Public Domain",
    "chapter": "A True Knowledge of God",
    "chapterN": "35"
}