{
    "word": "Let the student take the Bible as his guide and stand firm for principle, and he may aspire to any height of attainment. All the philosophies of human nature have led to confusion and shame when God has not been recognized as all in all. But the precious faith inspired of God imparts strength and nobility of character. As His goodness, His mercy, and His love are dwelt upon, clearer and still clearer will be the perception of truth; higher, holier, the desire for purity of heart and clearness of thought. The soul dwelling in the pure atmosphere of holy thought is transformed by intercourse with God through the study of His word. Truth is so large, so far-reaching, so deep, so broad, that self is lost sight of. The heart is softened and subdued into humility, kindness, and love.",
    "paragraph": 3,
    "bookcode": "MH",
    "page": 465,
    "author": "Ellen G. White",
    "booktitle": "Ministry of Healing",
    "date_published": "1905",
    "copyright_info": "Public Domain",
    "chapter": "The Knowledge Received Through God's Word",
    "chapterN": "39"
}