{
    "word": "The Need of Self-Renunciation \n\n     Man's great danger is in being self-deceived, indulging self-sufficiency, and thus separating from God, the source of his strength. Our natural tendencies, unless corrected by the Holy Spirit of God, have in them the seeds of moral death. Unless we become vitally connected with God, we cannot resist the unhallowed effects of self-indulgence, self-love, and temptation to sin.",
    "paragraph": 3,
    "bookcode": "MH",
    "page": 455,
    "author": "Ellen G. White",
    "booktitle": "Ministry of Healing",
    "date_published": "1905",
    "copyright_info": "Public Domain",
    "chapter": "The Importance of Seeking True Knowledge",
    "chapterN": "38"
}