{
    "word": "Education in the Life Eternal \n\n     Our lifework here is a preparation for the life eternal. The education begun here will not be completed in this life; it will be going forward through all eternity--ever progressing, never completed. More and more fully will be revealed the wisdom and love of God in the plan of redemption. The Saviour, as He leads His children to the fountains of living waters, will impart rich stores of knowledge. And day by day the wonderful works of God, the evidences of His power in creating and sustaining the universe, will open before the mind in new beauty. In the light that shines from the throne, mysteries will disappear, and the soul will be filled with astonishment at the simplicity of the things that were never before comprehended.",
    "paragraph": 2,
    "bookcode": "MH",
    "page": 466,
    "author": "Ellen G. White",
    "booktitle": "Ministry of Healing",
    "date_published": "1905",
    "copyright_info": "Public Domain",
    "chapter": "The Knowledge Received Through God's Word",
    "chapterN": "39"
}