{
    "word": "True education is missionary training. Every son and daughter of God is called to be a missionary; we are called to the service of God and our fellow men; and to fit us for this service should be the object of our education.",
    "paragraph": 1,
    "bookcode": "MH",
    "page": 395,
    "author": "Ellen G. White",
    "booktitle": "Ministry of Healing",
    "date_published": "1905",
    "copyright_info": "Public Domain",
    "chapter": "True Education, a Missionary Training",
    "chapterN": "34"
}