{
    "word": "So everyone may be able, through his own experience, to \"set his seal to this, that God is true.\" John 3:33, A.R.V. He can bear witness to that which he himself has seen and heard and felt of the power of Christ. He can testify:",
    "paragraph": 4,
    "bookcode": "MH",
    "page": 461,
    "author": "Ellen G. White",
    "booktitle": "Ministry of Healing",
    "date_published": "1905",
    "copyright_info": "Public Domain",
    "chapter": "The Knowledge Received Through God's Word",
    "chapterN": "39"
}