{
    "word": "On heaven's record of noble men the Saviour declared that there stood not one greater than John the Baptist. The work committed to him was one demanding not only physical energy and endurance, but the highest qualities of mind and soul. So important was right physical training as a preparation for this work that the highest angel in heaven was sent with a message of instruction to the parents of the child.",
    "paragraph": 4,
    "bookcode": "MH",
    "page": 379,
    "author": "Ellen G. White",
    "booktitle": "Ministry of Healing",
    "date_published": "1905",
    "copyright_info": "Public Domain",
    "chapter": "The Child",
    "chapterN": "32"
}