{
    "word": "Around every family there is a sacred circle that should be kept unbroken. Within this circle no other person has a right to come. Let not the husband or the wife permit another to share the confidences that belong solely to themselves.",
    "paragraph": 1,
    "bookcode": "MH",
    "page": 361,
    "author": "Ellen G. White",
    "booktitle": "Ministry of Healing",
    "date_published": "1905",
    "copyright_info": "Public Domain",
    "chapter": "The Builders of the Home",
    "chapterN": "29"
}