{
    "word": "\"For this cause,\" Paul says, \"I bow my knees unto the Father of our Lord Jesus Christ, of whom the whole family in heaven and earth is named, that He would grant you, according to the riches of His glory, to be strengthened with might by His Spirit in the inner man; that Christ may dwell in your hearts by faith; that ye, being rooted and grounded in love, may be able to comprehend with all saints what is the breadth, and length, and depth, and height; and to know the love of Christ, which passeth knowledge, that ye might be filled with all the fullness of God.\" Ephesians 3:14-19.",
    "paragraph": 2,
    "bookcode": "MH",
    "page": 426,
    "author": "Ellen G. White",
    "booktitle": "Ministry of Healing",
    "date_published": "1905",
    "copyright_info": "Public Domain",
    "chapter": "A True Knowledge of God",
    "chapterN": "35"
}