{
    "word": "Under a storm of stinging, faultfinding words, keep the mind stayed upon the word of God. Let mind and heart be stored with God's promises. If you are ill-treated or wrongfully accused, instead of returning an angry answer, repeat to yourself the precious promises:",
    "paragraph": 2,
    "bookcode": "MH",
    "page": 486,
    "author": "Ellen G. White",
    "booktitle": "Ministry of Healing",
    "date_published": "1905",
    "copyright_info": "Public Domain",
    "chapter": "In Contact With Others",
    "chapterN": "41"
}