{
    "word": "In life's toilsome way let the husband and father \"lead on softly,\" as the companion of his journey is able to endure. Amidst the world's eager rush for wealth and power, let him learn to stay his steps, to comfort and support the one who is called to walk by his side.",
    "paragraph": 3,
    "bookcode": "MH",
    "page": 374,
    "author": "Ellen G. White",
    "booktitle": "Ministry of Healing",
    "date_published": "1905",
    "copyright_info": "Public Domain",
    "chapter": "The Mother",
    "chapterN": "31"
}