{
    "word": "What are the conditions in many homes, even where resources are limited and the work of the household rests chiefly on the mother? The best rooms are furnished in a style beyond the means of the occupants and unsuited to their convenience and enjoyment. There are expensive carpets, elaborately carved and daintily upholstered furniture, and delicate drapery. Tables, mantels, and every other available space are crowded with ornaments, and the walls are covered with pictures, until the sight becomes wearying. And what an amount of work is required to keep all these in order and free from dust! This work, and the other artificial habits of the family in its conformity to fashion, demand of the housewife unending toil.",
    "paragraph": 3,
    "bookcode": "MH",
    "page": 367,
    "author": "Ellen G. White",
    "booktitle": "Ministry of Healing",
    "date_published": "1905",
    "copyright_info": "Public Domain",
    "chapter": "Choice and Preparation of the Home",
    "chapterN": "30"
}