{
    "word": "The strongest evidence of man's fall from a higher state is the fact that it costs so much to return. The way of return can be gained only by hard fighting, inch by inch, hour by hour. In one moment, by a hasty, unguarded act, we may place ourselves in the power of evil; but it requires more than a moment to break the fetters and attain to a holier life. The purpose may be formed, the work begun; but its accomplishment will require toil, time, perseverance, patience, and sacrifice.",
    "paragraph": 2,
    "bookcode": "MH",
    "page": 452,
    "author": "Ellen G. White",
    "booktitle": "Ministry of Healing",
    "date_published": "1905",
    "copyright_info": "Public Domain",
    "chapter": "The Importance of Seeking True Knowledge",
    "chapterN": "38"
}