{
    "word": "They advanced but slowly; for the crowd pressed Christ on every side. In making His way through the multitude, the Saviour came near to where the afflicted woman was standing. Again and again she had tried in vain to get near Him. Now her opportunity had come. She could see no way of speaking to Him. She would not seek to hinder His slow advance. But she had heard that healing came from a touch of His garments; and, fearful of losing her one chance for relief, she pressed forward, saying to herself, \"If I may but touch His garment, I shall be whole.\"",
    "paragraph": 3,
    "bookcode": "MH",
    "page": 59,
    "author": "Ellen G. White",
    "booktitle": "Ministry of Healing",
    "date_published": "1905",
    "copyright_info": "Public Domain",
    "chapter": "The Touch of Faith",
    "chapterN": "4"
}