{
    "word": "Let the husband aid his wife by his sympathy and unfailing affection. If he wishes to keep her fresh and gladsome, so that she will be as sunshine in the home, let him help her bear her burdens. His kindness and loving courtesy will be to her a precious encouragement, and the happiness he imparts will bring joy and peace to his own heart.",
    "paragraph": 5,
    "bookcode": "MH",
    "page": 374,
    "author": "Ellen G. White",
    "booktitle": "Ministry of Healing",
    "date_published": "1905",
    "copyright_info": "Public Domain",
    "chapter": "The Mother",
    "chapterN": "31"
}