{
    "word": "Brought up under the wise and loving guidance of a true home, children will have no desire to wander away in search of pleasure and companionship. Evil will not attract them. The spirit that prevails in the home will mold their characters; they will form habits and principles that will be a strong defense against temptation when they shall leave the home shelter and take their place in the world.",
    "paragraph": 3,
    "bookcode": "MH",
    "page": 394,
    "author": "Ellen G. White",
    "booktitle": "Ministry of Healing",
    "date_published": "1905",
    "copyright_info": "Public Domain",
    "chapter": "Home Influences",
    "chapterN": "33"
}