{
    "word": "The potter takes the clay and molds it according to his will. He kneads it and works it. He tears it apart and presses it together. He wets it and then dries it. He lets it lie for a while without touching it. When it is perfectly pliable, he continues the work of making of it a vessel. He forms it into shape and on the wheel trims and polishes it. He dries it in the sun and bakes it in the oven. Thus it becomes a vessel fit for use. So the great Master Worker desires to mold and fashion us. And as the clay is in the hands of the potter, so are we to be in His hands. We are not to try to do the work of the potter. Our part is to yield ourselves to be molded by the Master Worker.",
    "paragraph": 3,
    "bookcode": "MH",
    "page": 471,
    "author": "Ellen G. White",
    "booktitle": "Ministry of Healing",
    "date_published": "1905",
    "copyright_info": "Public Domain",
    "chapter": "Help in Daily Living",
    "chapterN": "40"
}