{
    "word": "Festus knew nothing of the conspiracies of the Jews to murder Paul, and he was surprised at this appeal to Caesar. However, the words of the apostle put a stop to the proceedings of the court. \"Festus, when he had conferred with the council, answered, Hast thou appealed unto Caesar? unto Caesar shalt thou go.\"",
    "paragraph": 3,
    "bookcode": "AA",
    "page": 430,
    "chapter": "Paul Appeals to Caesar",
    "chapterN": "40",
    "author": "Ellen G. White",
    "booktitle": "Acts of the Apostles",
    "date_published": "1911",
    "copyright_info": "Public Domain"
}