{
    "word": "Christ mentioned to Peter only one condition of service--\"Lovest thou Me?\" This is the essential qualification. Though Peter might possess every other, yet without the love of Christ he could not be a faithful shepherd over the flock of God. Knowledge, benevolence, eloquence, zeal--all are essential in the good work; but without the love of Christ in the heart, the work of the Christian minister is a failure.",
    "paragraph": 3,
    "bookcode": "AA",
    "page": 515,
    "chapter": "A Faithful Undershepherd",
    "chapterN": "51",
    "author": "Ellen G. White",
    "booktitle": "Acts of the Apostles",
    "date_published": "1911",
    "copyright_info": "Public Domain"
}