{
    "word": "Throughout his ministry, Peter faithfully watched over the flock entrusted to his care, and thus proved himself worthy of the charge and responsibility given him by the Saviour. Ever he exalted Jesus of Nazareth as the Hope of Israel, the Saviour of mankind. He brought his own life under the discipline of the Master Worker. By every means within his power he sought to educate the believers for active service. His godly example and untiring activity inspired many young men of promise to give themselves wholly to the work of the ministry. As time went on, the apostle's influence as an educator and leader increased; and while he never lost his burden to labor especially for the Jews, yet he bore his testimony in many lands and strengthened the faith of multitudes in the gospel.",
    "paragraph": 4,
    "bookcode": "AA",
    "page": 516,
    "chapter": "A Faithful Undershepherd",
    "chapterN": "51",
    "author": "Ellen G. White",
    "booktitle": "Acts of the Apostles",
    "date_published": "1911",
    "copyright_info": "Public Domain"
}