{
    "word": "He whose heart is fixed to serve God will find opportunity to witness for Him. Difficulties will be powerless to hinder him who is determined to seek first the kingdom of God and His righteousness. In the strength gained by prayer and a study of the word, he will seek virtue and forsake vice. Looking to Jesus, the Author and Finisher of the faith, who endured the contradiction of sinners against Himself, the believer will willingly brave contempt and derision. And help and grace sufficient for every circumstance are promised by Him whose word is truth. His everlasting arms encircle the soul that turns to Him for aid. In His care we may rest safely, saying, \"What time I am afraid, I will trust in Thee.\" Psalm 56:3. To all who put their trust in Him, God will fulfill His promise.",
    "paragraph": 1,
    "bookcode": "AA",
    "page": 467,
    "chapter": "Caesar's Household",
    "chapterN": "44",
    "author": "Ellen G. White",
    "booktitle": "Acts of the Apostles",
    "date_published": "1911",
    "copyright_info": "Public Domain"
}