{
    "word": "\"Ye shall drink indeed of My cup, and be baptized with the baptism that I am baptized with,\" Christ declared--before Him a cross instead of a throne, two malefactors His companions at His right hand and at His left. James and John were to be sharers with their Master in suffering--the one, destined to swift-coming death by the sword; the other, longest of all the disciples to follow his Master in labor and reproach and persecution. \"But to sit on My right hand, and on My left,\" He continued, \"is not Mine to give, but it shall be given to them for whom it is prepared of My Father.\" Matthew 20:21-23.",
    "paragraph": 2,
    "bookcode": "AA",
    "page": 542,
    "chapter": "John the Beloved",
    "chapterN": "53",
    "author": "Ellen G. White",
    "booktitle": "Acts of the Apostles",
    "date_published": "1911",
    "copyright_info": "Public Domain"
}