{
    "word": "The enemies of the disciples could not but be convinced that Christ had risen from the dead. The evidence was too clear to be doubted. Nevertheless, they hardened their hearts, refusing to repent of the terrible deed they had committed in putting Jesus to death. Abundant evidence that the apostles were speaking and acting under divine inspiration had been given the Jewish rulers, but they firmly resisted the message of truth. Christ had not come in the manner that they expected, and though at times they had been convinced that He was the Son of God, yet they had stifled conviction, and crucified Him. In mercy God gave them still further evidence, and now another opportunity was granted them to turn to Him. He sent the disciples to tell them that they had killed the Prince of life, and in this terrible charge He gave them another call to repentance. But feeling secure in their own righteousness, the Jewish teachers refused to admit that the men charging them with crucifying Christ were speaking by the direction of the Holy Spirit.",
    "paragraph": 1,
    "bookcode": "AA",
    "page": 61,
    "chapter": "At the Temple Gate",
    "chapterN": "6",
    "author": "Ellen G. White",
    "booktitle": "Acts of the Apostles",
    "date_published": "1911",
    "copyright_info": "Public Domain"
}