{
    "word": "The apostle plainly outlined the attitude that believers should sustain toward the civil authorities: \"Submit yourselves to every ordinance of man for the Lord's sake: whether it be to the king, as supreme; or unto governors, as unto them that are sent by him for the punishment of evildoers, and for the praise of them that do well. For so is the will of God, that with well-doing ye may put to silence the ignorance of foolish men: as free, and not using your liberty for a cloak of maliciousness, but as the servants of God. Honor all men. Love the brotherhood. Fear God. Honor the king.\"",
    "paragraph": 2,
    "bookcode": "AA",
    "page": 522,
    "chapter": "A Faithful Undershepherd",
    "chapterN": "51",
    "author": "Ellen G. White",
    "booktitle": "Acts of the Apostles",
    "date_published": "1911",
    "copyright_info": "Public Domain"
}