{
    "word": "In the confusion that followed, the Sadducees were eagerly striving to gain possession of the apostle, that they might put him to death; and the Pharisees were as eager in striving to protect him. \"The chief captain, fearing lest Paul should have been pulled in pieces of them, commanded the soldiers to go down, and to take him by force from among them, and to bring him into the castle.\"",
    "paragraph": 1,
    "bookcode": "AA",
    "page": 412,
    "chapter": "Paul a Prisoner",
    "chapterN": "38",
    "author": "Ellen G. White",
    "booktitle": "Acts of the Apostles",
    "date_published": "1911",
    "copyright_info": "Public Domain"
}