{
    "word": "With clearness and power Paul outlined before Agrippa the leading events connected with the life of Christ on earth. He testified that the Messiah of prophecy had already appeared in the person of Jesus of Nazareth. He showed how the Old Testament Scriptures had declared that the Messiah was to appear as a man among men, and how in the life of Jesus had been fulfilled every specification outlined by Moses and the prophets. For the purpose of redeeming a lost world, the divine Son of God had endured the cross, despising the shame, and had ascended to heaven triumphant over death and the grave.",
    "paragraph": 2,
    "bookcode": "AA",
    "page": 436,
    "chapter": "\"Almost Thou Persuadest Me\"",
    "chapterN": "41",
    "author": "Ellen G. White",
    "booktitle": "Acts of the Apostles",
    "date_published": "1911",
    "copyright_info": "Public Domain"
}