{
    "word": "As Jesus sat by the well side, He was faint from hunger and thirst. The journey since morning had been long, and now the sun of noontide beat upon Him. His thirst was increased by the thought of the cool, refreshing water so near, yet inaccessible to Him; for He had no rope nor water jar, and the well was deep. The lot of humanity was His, and He waited for someone to come to draw.",
    "paragraph": 3,
    "bookcode": "DA",
    "page": 183,
    "chapter": "At Jacob's Well",
    "chapterN": "19",
    "author": "Ellen G. White",
    "booktitle": "Desire of Ages",
    "date_published": "1898",
    "copyright_info": "Public Domain"
}