{
    "word": "Jesus was misunderstood by His brothers because He was not like them. His standard was not their standard. In looking to men they had turned away from God, and they had not His power in their lives. The forms of religion which they observed could not transform the character. They paid \"tithe of mint and anise and cummin,\" but omitted \"the weightier matters of the law, judgment, mercy, and faith.\" Matthew 23:23. The example of Jesus was to them a continual irritation. He hated but one thing in the world, and that was sin. He could not witness a wrong act without pain which it was impossible to disguise. Between the formalists, whose sanctity of appearance concealed the love of sin, and a character in which zeal for God's glory was always paramount, the contrast was unmistakable. Because the life of Jesus condemned evil, He was opposed, both at home and abroad. His unselfishness and integrity were commented on with a sneer. His forbearance and kindness were termed cowardice.",
    "paragraph": 1,
    "bookcode": "DA",
    "page": 88,
    "chapter": "Days of Conflict",
    "chapterN": "9",
    "author": "Ellen G. White",
    "booktitle": "Desire of Ages",
    "date_published": "1898",
    "copyright_info": "Public Domain"
}