{
    "word": "When Christ said to the tempter, \"Man shall not live by bread alone, but by every word that proceedeth out of the mouth of God,\" He repeated the words that, more than fourteen hundred years before, He had spoken to Israel: \"The Lord thy God led thee these forty years in the wilderness. . . . And He humbled thee, and suffered thee to hunger, and fed thee with manna, which thou knewest not, neither did thy fathers know; that He might make thee know that man doth not live by bread only, but by every word that proceedeth out of the mouth of the Lord doth man live.\" Deuteronomy 8:2, 3. In the wilderness, when all means of sustenance failed, God sent His people manna from heaven; and a sufficient and constant supply was given. This provision was to teach them that while they trusted in God and walked in His ways He would not forsake them. The Saviour now practiced the lesson He had taught to Israel. By the word of God succor had been given to the Hebrew host, and by the same word it would be given to Jesus. He awaited God's time to bring relief. He was in the wilderness in obedience to God, and He would not obtain food by following the suggestions of Satan. In the presence of the witnessing universe, He testified that it is a less calamity to suffer whatever may befall than to depart in any manner from the will of God.",
    "paragraph": 1,
    "bookcode": "DA",
    "page": 121,
    "chapter": "The Temptation",
    "chapterN": "12",
    "author": "Ellen G. White",
    "booktitle": "Desire of Ages",
    "date_published": "1898",
    "copyright_info": "Public Domain"
}