{
    "word": "As the priests and temple officials witnessed this great work, what a revelation to them were the sounds that fell on their ears! The people were relating the story of the pain they had suffered, of their disappointed hopes, of painful days and sleepless nights. When the last spark of hope seemed to be dead, Christ had healed them. The burden was so heavy, one said; but I have found a helper. He is the Christ of God, and I will devote my life to His service. Parents said to their children, He has saved your life; lift up your voice and praise Him. The voices of children and youth, fathers and mothers, friends and spectators, blended in thanksgiving and praise. Hope and gladness filled their hearts. Peace came to their minds. They were restored soul and body, and they returned home, proclaiming everywhere the matchless love of Jesus.",
    "paragraph": 2,
    "bookcode": "DA",
    "page": 163,
    "chapter": "In His Temple",
    "chapterN": "16",
    "author": "Ellen G. White",
    "booktitle": "Desire of Ages",
    "date_published": "1898",
    "copyright_info": "Public Domain"
}