{
    "word": "All who became the subjects of Christ's kingdom, he said, would give evidence of faith and repentance. Kindness, honesty, and fidelity would be seen in their lives. They would minister to the needy, and bring their offerings to God. They would shield the defenseless, and give an example of virtue and compassion. So the followers of Christ will give evidence of the transforming power of the Holy Spirit. In the daily life, justice, mercy, and the love of God will be seen. Otherwise they are like the chaff that is given to the fire.",
    "paragraph": 3,
    "bookcode": "DA",
    "page": 107,
    "chapter": "The Voice in the Wilderness",
    "chapterN": "10",
    "author": "Ellen G. White",
    "booktitle": "Desire of Ages",
    "date_published": "1898",
    "copyright_info": "Public Domain"
}