{
    "word": "The childhood and youth of Jesus were spent in a little mountain village. There was no place on earth that would not have been honored by His presence. The palaces of kings would have been privileged in receiving Him as a guest. But He passed by the homes of wealth, the courts of royalty, and the renowned seats of learning, to make His home in obscure and despised Nazareth.",
    "paragraph": 1,
    "bookcode": "DA",
    "page": 68,
    "chapter": "As a Child",
    "chapterN": "7",
    "author": "Ellen G. White",
    "booktitle": "Desire of Ages",
    "date_published": "1898",
    "copyright_info": "Public Domain"
}