{
    "word": "Many look on this conflict between Christ and Satan as having no special bearing on their own life; and for them it has little interest. But within the domain of every human heart this controversy is repeated. Never does one leave the ranks of evil for the service of God without encountering the assaults of Satan. The enticements which Christ resisted were those that we find it so difficult to withstand. They were urged upon Him in as much greater degree as His character is superior to ours. With the terrible weight of the sins of the world upon Him, Christ withstood the test upon appetite, upon the love of the world, and upon that love of display which leads to presumption. These were the temptations that overcame Adam and Eve, and that so readily overcome us.",
    "paragraph": 4,
    "bookcode": "DA",
    "page": 116,
    "chapter": "The Temptation",
    "chapterN": "12",
    "author": "Ellen G. White",
    "booktitle": "Desire of Ages",
    "date_published": "1898",
    "copyright_info": "Public Domain"
}