{
    "word": "Of the vast throng at the Jordan, few except John discerned the heavenly vision. Yet the solemnity of the divine Presence rested upon the assembly. The people stood silently gazing upon Christ. His form was bathed in the light that ever surrounds the throne of God. His upturned face was glorified as they had never before seen the face of man. From the open heavens a voice was heard saying, \"This is My beloved Son, in whom I am well pleased.\"",
    "paragraph": 2,
    "bookcode": "DA",
    "page": 112,
    "chapter": "The Baptism",
    "chapterN": "11",
    "author": "Ellen G. White",
    "booktitle": "Desire of Ages",
    "date_published": "1898",
    "copyright_info": "Public Domain"
}