{
    "word": "There are thousands today who need to learn the same truth that was taught to Nicodemus by the uplifted serpent. They depend on their obedience to the law of God to commend them to His favor. When they are bidden to look to Jesus, and believe that He saves them solely through His grace, they exclaim, \"How can these things be?\"",
    "paragraph": 3,
    "bookcode": "DA",
    "page": 175,
    "chapter": "Nicodemus",
    "chapterN": "17",
    "author": "Ellen G. White",
    "booktitle": "Desire of Ages",
    "date_published": "1898",
    "copyright_info": "Public Domain"
}