{
    "word": "With intense interest the unfallen worlds had watched to see Jehovah arise, and sweep away the inhabitants of the earth. And if God should do this, Satan was ready to carry out his plan for securing to himself the allegiance of heavenly beings. He had declared that the principles of God's government make forgiveness impossible. Had the world been destroyed, he would have claimed that his accusations were proved true. He was ready to cast blame upon God, and to spread his rebellion to the worlds above. But instead of destroying the world, God sent His Son to save it. Though corruption and defiance might be seen in every part of the alien province, a way for its recovery was provided. At the very crisis, when Satan seemed about to triumph, the Son of God came with the embassage of divine grace. Through every age, through every hour, the love of God had been exercised toward the fallen race. Notwithstanding the perversity of men, the signals of mercy had been continually exhibited. And when the fullness of the time had come, the Deity was glorified by pouring upon the world a flood of healing grace that was never to be obstructed or withdrawn till the plan of salvation should be fulfilled.",
    "paragraph": 2,
    "bookcode": "DA",
    "page": 37,
    "chapter": "\"The Fullness of the Time\"",
    "chapterN": "3",
    "author": "Ellen G. White",
    "booktitle": "Desire of Ages",
    "date_published": "1898",
    "copyright_info": "Public Domain"
}