{
    "word": "God does not send messengers to flatter the sinner. He delivers no message of peace to lull the unsanctified into fatal security. He lays heavy burdens upon the conscience of the wrongdoer, and pierces the soul with arrows of conviction. The ministering angels present to him the fearful judgments of God to deepen the sense of need, and prompt the cry, \"What must I do to be saved?\" Then the hand that has humbled in the dust, lifts up the penitent. The voice that has rebuked sin, and put to shame pride and ambition, inquires with tenderest sympathy, \"What wilt thou that I shall do unto thee?\"",
    "paragraph": 1,
    "bookcode": "DA",
    "page": 104,
    "chapter": "The Voice in the Wilderness",
    "chapterN": "10",
    "author": "Ellen G. White",
    "booktitle": "Desire of Ages",
    "date_published": "1898",
    "copyright_info": "Public Domain"
}