{
    "word": "Was this the Christ? With awe and wonder the people looked upon the One just declared to be the Son of God. They had been deeply moved by the words of John. He had spoken to them in the name of God. They had listened to him day after day as he reproved their sins, and daily the conviction that he was sent of Heaven had strengthened. But who was this One greater than John the Baptist? In His dress and bearing there was nothing that betokened rank. He was apparently a simple personage, clad like themselves in the humble garments of the poor.",
    "paragraph": 2,
    "bookcode": "DA",
    "page": 137,
    "chapter": "\"We Have Found the Messias\"",
    "chapterN": "14",
    "author": "Ellen G. White",
    "booktitle": "Desire of Ages",
    "date_published": "1898",
    "copyright_info": "Public Domain"
}