{
    "word": "The attention of the company was now turned to the disciples. For the first time they had the opportunity of acknowledging their faith in Jesus. They told what they had seen and heard at the Jordan, and there was kindled in many hearts the hope that God had raised up a deliverer for His people. The news of the miracle spread through all that region, and was carried to Jerusalem. With new interest the priests and elders searched the prophecies pointing to Christ's coming. There was eager desire to learn the mission of this new teacher, who appeared among the people in so unassuming a manner.",
    "paragraph": 1,
    "bookcode": "DA",
    "page": 150,
    "chapter": "At the Marriage Feast",
    "chapterN": "15",
    "author": "Ellen G. White",
    "booktitle": "Desire of Ages",
    "date_published": "1898",
    "copyright_info": "Public Domain"
}