{
    "word": "The gift of Christ to the marriage feast was a symbol. The water represented baptism into His death; the wine, the shedding of His blood for the sins of the world. The water to fill the jars was brought by human hands, but the word of Christ alone could impart to it life-giving virtue. So with the rites which point to the Saviour's death. It is only by the power of Christ, working through faith, that they have efficacy to nourish the soul.",
    "paragraph": 4,
    "bookcode": "DA",
    "page": 148,
    "chapter": "At the Marriage Feast",
    "chapterN": "15",
    "author": "Ellen G. White",
    "booktitle": "Desire of Ages",
    "date_published": "1898",
    "copyright_info": "Public Domain"
}