{
    "word": "By the Babylonish captivity the Israelites were effectually cured of the worship of graven images. During the centuries that followed, they suffered from the oppression of heathen foes, until the conviction became fixed that their prosperity depended upon their obedience to the law of God. But with too many of the people obedience was not prompted by love. The motive was selfish. They rendered outward service to God as the means of attaining to national greatness. They did not become the light of the world, but shut themselves away from the world in order to escape temptation to idolatry. In the instruction given through Moses, God had placed restrictions upon their association with idolaters; but this teaching had been misinterpreted. It was intended to prevent them from conforming to the practices of the heathen. But it was used to build up a wall of separation between Israel and all other nations. The Jews looked upon Jerusalem as their heaven, and they were actually jealous lest the Lord should show mercy to the Gentiles.",
    "paragraph": 5,
    "bookcode": "DA",
    "page": 28,
    "chapter": "Chap. 2 -The Chosen People",
    "chapterN": "2",
    "author": "Ellen G. White",
    "booktitle": "Desire of Ages",
    "date_published": "1898",
    "copyright_info": "Public Domain"
}