{
    "word": "At the court of Babylon were gathered representatives from all lands, men of the choicest talents, men the most richly endowed with natural gifts, and possessed of the highest culture this world could bestow; yet amidst them all, the Hebrew captives were without a peer. In physical strength and beauty, in mental vigor and literary attainment, they stood unrivaled. \"In all matters of wisdom and understanding, that the king inquired of them, he found them ten times better than all the magicians and astrologers that were in all his realm.\" Daniel 1:20.",
    "paragraph": 2,
    "bookcode": "ED",
    "page": 55,
    "chapter": "Lives of Great Men",
    "chapterN": "7",
    "author": "Ellen G. White",
    "booktitle": "Education",
    "date_published": "1903",
    "copyright_info": "Public Domain"
}