{
    "word": "Seemingly forsaken of heaven and earth, yet holding fast his faith in God and his consciousness of integrity, in anguish and perplexity he cried: \n     \"My soul is weary of my life.\" \n     \"O that Thou wouldest hide me in the grave, \n      That Thou wouldest keep me secret, until Thy wrath be \n           past, \n      That Thou wouldest appoint me a set time, and \n           remember me!\" Job 10:1; 14:13.      \"Behold, I cry out of wrong, but I am not heard: \n      I cry for help, but there is no judgment. . . . \n      He hath stripped me of my glory, \n      And taken the crown from my head. . . . \n      My kinsfolk have failed, \n      And my familiar friends have forgotten me. . . . \n      They whom I loved are turned against me. . . . \n      Have pity upon me, have pity upon me, O ye my friends; \n      For the hand of God hath touched me.\" \n     \"Oh that I knew where I might find Him, \n      That I might come even to His seat! . . . \n      Behold, I go forward, but He is not there; \n      And backward, but I cannot perceive Him: \n      On the left hand, where He doth work, but I cannot \n           behold Him: \n      He hideth Himself on the right hand, that I cannot see \n           Him. \n      But He knoweth the way that I take; \n      When He hath tried me, I shall come forth as gold.\" \n     \"Though He slay me, yet will I trust in Him.\" \n     \"I know that my Redeemer liveth, \n      And that He shall stand up at the last upon the earth: \n      And after my skin hath been destroyed, this shall be, \n      Even from my flesh shall I see God: \n      Whom I shall see for myself, \n      And mine eyes shall behold, and not as a stranger.\" \n          Job 19:7-21, R.V.; 23:3-10, R.V.; 13:15; 19:25-27, \n          R.V., margin.",
    "paragraph": 7,
    "bookcode": "ED",
    "page": 155,
    "chapter": "Bible Biographies",
    "chapterN": "16",
    "author": "Ellen G. White",
    "booktitle": "Education",
    "date_published": "1903",
    "copyright_info": "Public Domain"
}