{
    "word": "Every human being, created in the image of God, is endowed with a power akin to that of the Creator-- individuality, power to think and to do. The men in whom this power is developed are the men who bear responsibilities, who are leaders in enterprise, and who influence character. It is the work of true education to develop this power, to train the youth to be thinkers, and not mere reflectors of other men's thought. Instead of confining their study to that which men have said or written, let students be directed to the sources of truth, to the vast fields opened for research in nature and revelation. Let them contemplate the great facts of duty and destiny, and the mind will expand and strengthen. Instead of educated weaklings, institutions of learning may send forth men strong to think and to act, men who are masters and not slaves of circumstances, men who possess breadth of mind, clearness of thought, and the courage of their convictions.",
    "paragraph": 2,
    "bookcode": "ED",
    "page": 17,
    "chapter": "Source and Aim of True Education",
    "chapterN": "1",
    "author": "Ellen G. White",
    "booktitle": "Education",
    "date_published": "1903",
    "copyright_info": "Public Domain"
}