{
    "word": "In brier and thorn, in thistle and tare, is represented the evil that blights and mars. In singing bird and opening blossom, in rain and sunshine, in summer breeze and gentle dew, in ten thousand objects in nature, from the oak of the forest to the violet that blossoms at its root, is seen the love that restores. And nature still speaks to us of God's goodness.",
    "paragraph": 3,
    "bookcode": "ED",
    "page": 101,
    "chapter": "God in Nature",
    "chapterN": "10",
    "author": "Ellen G. White",
    "booktitle": "Education",
    "date_published": "1903",
    "copyright_info": "Public Domain"
}