{
    "word": "As our Redeemer leads us to the threshold of the Infinite, flushed with the glory of God, we may catch the themes of praise and thanksgiving from the heavenly choir round about the throne; and as the echo of the angels' song is awakened in our earthly homes, hearts will be drawn closer to the heavenly singers. Heaven's communion begins on earth. We learn here the keynote of its praise.",
    "paragraph": 4,
    "bookcode": "ED",
    "page": 168,
    "chapter": "Poetry and Song",
    "chapterN": "17",
    "author": "Ellen G. White",
    "booktitle": "Education",
    "date_published": "1903",
    "copyright_info": "Public Domain"
}