{
    "word": "The system of education established in Eden centered in the family. Adam was \"the son of God\" (Luke 3:38), and it was from their Father that the children of the Highest received instruction. Theirs, in the truest sense, was a family school.",
    "paragraph": 1,
    "bookcode": "ED",
    "page": 33,
    "chapter": "The Education of Israel",
    "chapterN": "5",
    "author": "Ellen G. White",
    "booktitle": "Education",
    "date_published": "1903",
    "copyright_info": "Public Domain"
}