{
    "word": "In a knowledge of God all true knowledge and real development have their source. Wherever we turn, in the physical, the mental, or the spiritual realm; in whatever we behold, apart from the blight of sin, this knowledge is revealed. Whatever line of investigation we pursue, with a sincere purpose to arrive at truth, we are brought in touch with the unseen, mighty Intelligence that is working in and through all. The mind of man is brought into communion with the mind of God, the finite with the Infinite. The effect of such communion on body and mind and soul is beyond estimate.",
    "paragraph": 2,
    "bookcode": "ED",
    "page": 14,
    "chapter": "Source and Aim of True Education",
    "chapterN": "1",
    "author": "Ellen G. White",
    "booktitle": "Education",
    "date_published": "1903",
    "copyright_info": "Public Domain"
}