{
    "word": "But the king failed of recognizing the power that had exalted him. Nebuchadnezzar in the pride of his heart said: \"Is not this great Babylon, that I have built for the house of the kingdom by the might of my power, and for the honor of my majesty?\" Daniel 4:30.",
    "paragraph": 5,
    "bookcode": "ED",
    "page": 175,
    "chapter": "History and Prophecy",
    "chapterN": "19",
    "author": "Ellen G. White",
    "booktitle": "Education",
    "date_published": "1903",
    "copyright_info": "Public Domain"
}