{
    "word": "This experience is the highest evidence of the divine authorship of the Bible. We receive God's word as food for the soul, through the same evidence by which we receive bread as food for the body. Bread supplies the need of our nature; we know by experience that it produces blood and bone and brain. Apply the same test to the Bible; when its principles have actually become the elements of character, what has been the result? what changes have been made in the life? \"Old things are passed away; behold, all things are become new.\" 2 Corinthians 5:17. In its power, men and women have broken the chains of sinful habit. They have renounced selfishness. The profane have become reverent, the drunken sober, the profligate pure. Souls that have borne the likeness of Satan have been transformed into the image of God. This change is itself the miracle of miracles. A change wrought by the word, it is one of the deepest mysteries of the word. We cannot understand it; we can only believe, as declared by the Scriptures, it is \"Christ in you, the hope of glory.\" Colossians 1:27.",
    "paragraph": 4,
    "bookcode": "ED",
    "page": 171,
    "chapter": "Mysteries of the Bible",
    "chapterN": "18",
    "author": "Ellen G. White",
    "booktitle": "Education",
    "date_published": "1903",
    "copyright_info": "Public Domain"
}