{
    "word": "The Message of the Stars \n\n     The stars also have a message of good cheer for every human being. In those hours that come to all, when the heart is faint and temptation presses sore; when obstacles seem insurmountable, life's aims impossible of achievement, its fair promises like apples of Sodom; where, then, can such courage and steadfastness be found as in that lesson which God has bidden us learn from the stars in their untroubled course?",
    "paragraph": 4,
    "bookcode": "ED",
    "page": 115,
    "chapter": "Other Object Lessons",
    "chapterN": "12",
    "author": "Ellen G. White",
    "booktitle": "Education",
    "date_published": "1903",
    "copyright_info": "Public Domain"
}