{
    "word": "God had manifested His abhorrence of the principles of rebellion. All heaven saw His justice revealed, both in the condemnation of Satan and in the redemption of man. Lucifer had declared that if the law of God was changeless, and its penalty could not be remitted, every transgressor must be forever debarred from the Creator's favor. He had claimed that the sinful race were placed beyond redemption and were therefore his rightful prey. But the death of Christ was an argument in man's behalf that could not be overthrown. The penalty of the law fell upon Him who was equal with God, and man was free to accept the righteousness of Christ and by a life of penitence and humiliation to triumph, as the Son of God had triumphed, over the power of Satan. Thus God is just and yet the justifier of all who believe in Jesus.",
    "paragraph": 3,
    "bookcode": "GC",
    "page": 502,
    "chapter": "The Origin of Evil",
    "chapterN": 29,
    "author": "Ellen G. White",
    "booktitle": "The Great Controversy",
    "date_published": "1911",
    "copyright_info": "Public Domain"
}