{
    "word": "Erroneous theories of sanctification, also, springing from neglect or rejection of the divine law, have a prominent place in the religious movements of the day. These theories are both false in doctrine and dangerous in practical results; and the fact that they are so generally finding favor, renders it doubly essential that all have a clear understanding of what the Scriptures teach upon this point.",
    "paragraph": 1,
    "bookcode": "GC",
    "page": 469,
    "chapter": "Modern Revivals",
    "chapterN": 27,
    "author": "Ellen G. White",
    "booktitle": "The Great Controversy",
    "date_published": "1911",
    "copyright_info": "Public Domain"
}