{
    "word": "But many of the revivals of modern times have presented a marked contrast to those manifestations of divine grace which in earlier days followed the labors of God's servants. It is true that a widespread interest is kindled, many profess conversion, and there are large accessions to the churches; nevertheless the results are not such as to warrant the belief that there has been a corresponding increase of real spiritual life. The light which flames up for a time soon dies out, leaving the darkness more dense than before.",
    "paragraph": 1,
    "bookcode": "GC",
    "page": 463,
    "chapter": "Modern Revivals",
    "chapterN": 27,
    "author": "Ellen G. White",
    "booktitle": "The Great Controversy",
    "date_published": "1911",
    "copyright_info": "Public Domain"
}