{
    "word": "A striking illustration of the tyrannical character of this advocate of infallibility was given in his treatment of the German emperor, Henry IV. For presuming to disregard the pope's authority, this monarch was declared to be excommunicated and dethroned. Terrified by the desertion and threats of his own princes, who were encouraged in rebellion against him by the papal mandate, Henry felt the necessity of making his peace with Rome. In company with his wife and a faithful servant he crossed the Alps in midwinter, that he might humble himself before the pope. Upon reaching the castle whither Gregory had withdrawn, he was conducted, without his guards, into an outer court, and there, in the severe cold of winter, with uncovered head and naked feet, and in a miserable dress, he awaited the pope's permission to come into his presence. Not until he had continued three days fasting and making confession, did the pontiff condescend to grant him pardon. Even then it was only upon condition that the emperor should await the sanction of the pope before resuming the insignia or exercising the power of royalty. And Gregory, elated with his triumph, boasted that it was his duty to pull down the pride of kings.",
    "paragraph": 3,
    "bookcode": "GC",
    "page": 57,
    "chapter": "An Era of Spiritual Darkness",
    "chapterN": 3,
    "author": "Ellen G. White",
    "booktitle": "The Great Controversy",
    "date_published": "1911",
    "copyright_info": "Public Domain"
}