{
    "word": "In the thirteenth century was established that most terrible of all the engines of the papacy--the Inquisition. The prince of darkness wrought with the leaders of the papal hierarchy. In their secret councils Satan and his angels controlled the minds of evil men, while unseen in the midst stood an angel of God, taking the fearful record of their iniquitous decrees and writing the history of deeds too horrible to appear to human eyes. \"Babylon the great\" was \"drunken with the blood of the saints.\" The mangled forms of millions of martyrs cried to God for vengeance upon that apostate power.",
    "paragraph": 3,
    "bookcode": "GC",
    "page": 59,
    "chapter": "An Era of Spiritual Darkness",
    "chapterN": 3,
    "author": "Ellen G. White",
    "booktitle": "The Great Controversy",
    "date_published": "1911",
    "copyright_info": "Public Domain"
}